{
  "project_info": {
    "project_number": "57147034446",
    "project_id": "ms000-9fb28",
    "storage_bucket": "ms000-9fb28.appspot.com"
  },
  "client": [
    {
      "client_info": {
        "mobilesdk_app_id": "1:57147034446:android:c7c3e91d8dc45d97b7ec1f",
        "android_client_info": {
          "package_name": "com.example.signalingproject"
        }
      },
      "oauth_client": [],
      "api_key": [
        {
          "current_key": "AIzaSyBxmcmOHUI8jVkUwXWwuHByTVFNKCkLdcc"
        }
      ],
      "services": {
        "appinvite_service": {
          "other_platform_oauth_client": []
        }
      }
    }
  ],
  "configuration_version": "1"
}